707;Sport-100 Helmet, Red
708;Sport-100 Helmet, Black
709;Mountain Bike Socks, M
710;Mountain Bike Socks, L
711;Sport-100 Helmet, Blue
712;AWC Logo Cap
713;Long-Sleeve Logo Jersey, S
714;Long-Sleeve Logo Jersey, M
715;Long-Sleeve Logo Jersey, L
716;Long-Sleeve Logo Jersey, XL
717;HL Road Frame - Red, 62
718;HL Road Frame - Red, 44
719;HL Road Frame - Red, 48
722;LL Road Frame - Black, 58
723;LL Road Frame - Black, 60
725;LL Road Frame - Red, 44
726;LL Road Frame - Red, 48
727;LL Road Frame - Red, 52
729;LL Road Frame - Red, 60
730;LL Road Frame - Red, 62
732;ML Road Frame - Red, 48
733;ML Road Frame - Red, 52
736;LL Road Frame - Black, 44
738;LL Road Frame - Black, 52
739;HL Mountain Frame - Silver, 42
741;HL Mountain Frame - Silver, 48
742;HL Mountain Frame - Silver, 46
743;HL Mountain Frame - Black, 42
744;HL Mountain Frame - Black, 44
745;HL Mountain Frame - Black, 48
747;HL Mountain Frame - Black, 38
748;HL Mountain Frame - Silver, 38
749;Road-150 Red, 62
750;Road-150 Red, 44
751;Road-150 Red, 48
752;Road-150 Red, 52
753;Road-150 Red, 56
754;Road-450 Red, 58
755;Road-450 Red, 60
756;Road-450 Red, 44
757;Road-450 Red, 48
758;Road-450 Red, 52
759;Road-650 Red, 58
760;Road-650 Red, 60
761;Road-650 Red, 62
762;Road-650 Red, 44
763;Road-650 Red, 48
764;Road-650 Red, 52
765;Road-650 Black, 58
766;Road-650 Black, 60
767;Road-650 Black, 62
768;Road-650 Black, 44
769;Road-650 Black, 48
770;Road-650 Black, 52
771;Mountain-100 Silver, 38
772;Mountain-100 Silver, 42
773;Mountain-100 Silver, 44
774;Mountain-100 Silver, 48
775;Mountain-100 Black, 38
776;Mountain-100 Black, 42
777;Mountain-100 Black, 44
778;Mountain-100 Black, 48
779;Mountain-200 Silver, 38
780;Mountain-200 Silver, 42
781;Mountain-200 Silver, 46
782;Mountain-200 Black, 38
783;Mountain-200 Black, 42
784;Mountain-200 Black, 46
785;Mountain-300 Black, 38
786;Mountain-300 Black, 40
787;Mountain-300 Black, 44
788;Mountain-300 Black, 48
789;Road-250 Red, 44
790;Road-250 Red, 48
791;Road-250 Red, 52
792;Road-250 Red, 58
793;Road-250 Black, 44
794;Road-250 Black, 48
795;Road-250 Black, 52
796;Road-250 Black, 58
797;Road-550-W Yellow, 38
798;Road-550-W Yellow, 40
799;Road-550-W Yellow, 42
800;Road-550-W Yellow, 44
801;Road-550-W Yellow, 48
802;LL Fork
804;HL Fork
805;LL Headset
806;ML Headset
807;HL Headset
808;LL Mountain Handlebars
809;ML Mountain Handlebars
810;HL Mountain Handlebars
811;LL Road Handlebars
813;HL Road Handlebars
814;ML Mountain Frame - Black, 38
815;LL Mountain Front Wheel
816;ML Mountain Front Wheel
817;HL Mountain Front Wheel
819;ML Road Front Wheel
820;HL Road Front Wheel
822;ML Road Frame-W - Yellow, 38
823;LL Mountain Rear Wheel
824;ML Mountain Rear Wheel
825;HL Mountain Rear Wheel
826;LL Road Rear Wheel
827;ML Road Rear Wheel
828;HL Road Rear Wheel
830;ML Mountain Frame - Black, 40
831;ML Mountain Frame - Black, 44
832;ML Mountain Frame - Black, 48
833;ML Road Frame-W - Yellow, 40
835;ML Road Frame-W - Yellow, 44
836;ML Road Frame-W - Yellow, 48
838;HL Road Frame - Black, 44
839;HL Road Frame - Black, 48
841;Men's Sports Shorts, S
843;Cable Lock
844;Minipump
849;Men's Sports Shorts, M
850;Men's Sports Shorts, L
852;Women's Tights, S
853;Women's Tights, M
854;Women's Tights, L
855;Men's Bib-Shorts, S
856;Men's Bib-Shorts, M
857;Men's Bib-Shorts, L
858;Half-Finger Gloves, S
859;Half-Finger Gloves, M
860;Half-Finger Gloves, L
861;Full-Finger Gloves, S
862;Full-Finger Gloves, M
863;Full-Finger Gloves, L
864;Classic Vest, S
865;Classic Vest, M
866;Classic Vest, L
867;Women's Mountain Shorts, S
868;Women's Mountain Shorts, M
869;Women's Mountain Shorts, L
870;Water Bottle - 30 oz.
871;Mountain Bottle Cage
872;Road Bottle Cage
873;Patch Kit/8 Patches
874;Racing Socks, M
875;Racing Socks, L
876;Hitch Rack - 4-Bike
877;Bike Wash - Dissolver
878;Fender Set - Mountain
879;All-Purpose Bike Stand
880;Hydration Pack - 70 oz.
881;Short-Sleeve Classic Jersey, S
882;Short-Sleeve Classic Jersey, M
883;Short-Sleeve Classic Jersey, L
884;Short-Sleeve Classic Jersey, XL
885;HL Touring Frame - Yellow, 60
886;LL Touring Frame - Yellow, 62
887;HL Touring Frame - Yellow, 46
888;HL Touring Frame - Yellow, 50
889;HL Touring Frame - Yellow, 54
890;HL Touring Frame - Blue, 46
891;HL Touring Frame - Blue, 50
892;HL Touring Frame - Blue, 54
893;HL Touring Frame - Blue, 60
894;Rear Derailleur
895;LL Touring Frame - Blue, 50
896;LL Touring Frame - Blue, 54
897;LL Touring Frame - Blue, 58
898;LL Touring Frame - Blue, 62
899;LL Touring Frame - Yellow, 44
900;LL Touring Frame - Yellow, 50
902;LL Touring Frame - Yellow, 58
903;LL Touring Frame - Blue, 44
904;ML Mountain Frame-W - Silver, 40
905;ML Mountain Frame-W - Silver, 42
906;ML Mountain Frame-W - Silver, 46
907;Rear Brakes
908;LL Mountain Seat/Saddle
909;ML Mountain Seat/Saddle
910;HL Mountain Seat/Saddle
911;LL Road Seat/Saddle
913;HL Road Seat/Saddle
914;LL Touring Seat/Saddle
915;ML Touring Seat/Saddle
916;HL Touring Seat/Saddle
917;LL Mountain Frame - Silver, 42
918;LL Mountain Frame - Silver, 44
919;LL Mountain Frame - Silver, 48
920;LL Mountain Frame - Silver, 52
921;Mountain Tire Tube
922;Road Tire Tube
923;Touring Tire Tube
924;LL Mountain Frame - Black, 42
925;LL Mountain Frame - Black, 44
926;LL Mountain Frame - Black, 48
927;LL Mountain Frame - Black, 52
928;LL Mountain Tire
929;ML Mountain Tire
930;HL Mountain Tire
931;LL Road Tire
932;ML Road Tire
933;HL Road Tire
934;Touring Tire
935;LL Mountain Pedal
936;ML Mountain Pedal
937;HL Mountain Pedal
938;LL Road Pedal
939;ML Road Pedal
940;HL Road Pedal
941;Touring Pedal
942;ML Mountain Frame-W - Silver, 38
943;LL Mountain Frame - Black, 40
944;LL Mountain Frame - Silver, 40
945;Front Derailleur
946;LL Touring Handlebars
947;HL Touring Handlebars
948;Front Brakes
949;LL Crankset
950;ML Crankset
951;HL Crankset
952;Chain
953;Touring-2000 Blue, 60
954;Touring-1000 Yellow, 46
955;Touring-1000 Yellow, 50
956;Touring-1000 Yellow, 54
957;Touring-1000 Yellow, 60
958;Touring-3000 Blue, 54
959;Touring-3000 Blue, 58
960;Touring-3000 Blue, 62
961;Touring-3000 Yellow, 44
962;Touring-3000 Yellow, 50
963;Touring-3000 Yellow, 54
964;Touring-3000 Yellow, 58
965;Touring-3000 Yellow, 62
966;Touring-1000 Blue, 46
967;Touring-1000 Blue, 50
968;Touring-1000 Blue, 54
969;Touring-1000 Blue, 60
970;Touring-2000 Blue, 46
971;Touring-2000 Blue, 50
972;Touring-2000 Blue, 54
973;Road-350-W Yellow, 40
974;Road-350-W Yellow, 42
975;Road-350-W Yellow, 44
976;Road-350-W Yellow, 48
977;Road-750 Black, 58
978;Touring-3000 Blue, 44
979;Touring-3000 Blue, 50
980;Mountain-400-W Silver, 38
981;Mountain-400-W Silver, 40
982;Mountain-400-W Silver, 42
983;Mountain-400-W Silver, 46
984;Mountain-500 Silver, 40
985;Mountain-500 Silver, 42
986;Mountain-500 Silver, 44
987;Mountain-500 Silver, 48
988;Mountain-500 Silver, 52
989;Mountain-500 Black, 40
990;Mountain-500 Black, 42
991;Mountain-500 Black, 44
992;Mountain-500 Black, 48
993;Mountain-500 Black, 52
994;LL Bottom Bracket
996;HL Bottom Bracket
997;Road-750 Black, 44
998;Road-750 Black, 48
999;Road-750 Black, 52
